1049226548237070337	914842280774688773	Mon Oct 08 02:14:37 PDT 2018	<a href="http://twitter.com/download/android" rel="nofollow">Twitter for Android</a>
1049226553140203520	1011911571084210176	Mon Oct 08 02:14:38 PDT 2018	<a href="http://twitcasting.tv/" rel="nofollow">TwitCasting</a>
1049226555468050432	1005595736417792000	Mon Oct 08 02:14:39 PDT 2018	<a href="http://twitcasting.tv/" rel="nofollow">TwitCasting</a>
1049226557376479232	22868018	Mon Oct 08 02:14:39 PDT 2018	<a href="http://twitter.com/download/android" rel="nofollow">Twitter for Android</a>
1049226561638084608	930802634277228544	Mon Oct 08 02:14:40 PDT 2018	<a href="http://twitter.com/download/iphone" rel="nofollow">Twitter for iPhone</a>
1049226563819122688	835822108559171589	Mon Oct 08 02:14:41 PDT 2018	<a href="http://twitter.com/download/iphone" rel="nofollow">Twitter for iPhone</a>
1049226565710741504	992440032832229376	Mon Oct 08 02:14:41 PDT 2018	<a href="https://ifttt.com" rel="nofollow">IFTTT</a>
1049226567862239232	2225050333	Mon Oct 08 02:14:42 PDT 2018	<a href="http://twitter.com/download/iphone" rel="nofollow">Twitter for iPhone</a>
1049226568961163265	224427311	Mon Oct 08 02:14:42 PDT 2018	<a href="http://twitter.com/download/android" rel="nofollow">Twitter for Android</a>
1049226569779052544	859001654229598208	Mon Oct 08 02:14:42 PDT 2018	<a href="http://twitter.com/download/iphone" rel="nofollow">Twitter for iPhone</a>
1049226569879883781	5404442	Mon Oct 08 02:14:42 PDT 2018	<a href="http://twitter.com/download/android" rel="nofollow">Twitter for Android</a>
1049226572044165122	762174736566583296	Mon Oct 08 02:14:43 PDT 2018	<a href="https://allsorce.com/" rel="nofollow">allsorccom</a>
1049226573792989184	1688766528	Mon Oct 08 02:14:43 PDT 2018	<a href="http://twitter.com/download/iphone" rel="nofollow">Twitter for iPhone</a>
1049226575130972160	731055251139092480	Mon Oct 08 02:14:43 PDT 2018	<a href="http://twitter.com/download/iphone" rel="nofollow">Twitter for iPhone</a>
1049226575625912321	1039496041450491904	Mon Oct 08 02:14:43 PDT 2018	<a href="http://twitter.com/download/android" rel="nofollow">Twitter for Android</a>
1049226572857843712	758383464307691520	Mon Oct 08 02:14:43 PDT 2018	<a href="http://twitter.com/#!/download/ipad" rel="nofollow">Twitter for iPad</a>
1049226575957381121	2353335013	Mon Oct 08 02:14:44 PDT 2018	<a href="http://twitter.com" rel="nofollow">Twitter Web Client</a>
1049226576607436800	261165543	Mon Oct 08 02:14:44 PDT 2018	<a href="http://twitter.com/download/iphone" rel="nofollow">Twitter for iPhone</a>
1049226576360067072	1002321426156785665	Mon Oct 08 02:14:44 PDT 2018	<a href="http://twitter.com/download/iphone" rel="nofollow">Twitter for iPhone</a>
1049226576565551104	1044535046722465792	Mon Oct 08 02:14:44 PDT 2018	<a href="http://twitter.com" rel="nofollow">Twitter Web Client</a>
1049226578813571072	404588690	Mon Oct 08 02:14:44 PDT 2018	<a href="http://twitter.com/download/iphone" rel="nofollow">Twitter for iPhone</a>
1049226580193472512	811998371682488321	Mon Oct 08 02:14:45 PDT 2018	<a href="http://twitter.com/download/iphone" rel="nofollow">Twitter for iPhone</a>
1049226581053304837	724423102688452608	Mon Oct 08 02:14:45 PDT 2018	<a href="http://twitcasting.tv/" rel="nofollow">TwitCasting</a>
1049226582810710016	1047774709939466240	Mon Oct 08 02:14:45 PDT 2018	<a href="http://twitter.com/download/iphone" rel="nofollow">Twitter for iPhone</a>
1049226586950533120	3638802432	Mon Oct 08 02:14:46 PDT 2018	<a href="http://twitter.com/download/iphone" rel="nofollow">Twitter for iPhone</a>
1049226588288479233	917799882202611712	Mon Oct 08 02:14:46 PDT 2018	<a href="http://twitcasting.tv/" rel="nofollow">TwitCasting</a>
1049226589236416512	802358305263751169	Mon Oct 08 02:14:47 PDT 2018	<a href="http://twitter.com/download/android" rel="nofollow">Twitter for Android</a>
1049226589110722560	354847509	Mon Oct 08 02:14:47 PDT 2018	<a href="http://twitter.com" rel="nofollow">Twitter Web Client</a>
1049226595167158273	989758862692466690	Mon Oct 08 02:14:48 PDT 2018	<a href="http://twitter.com/download/android" rel="nofollow">Twitter for Android</a>
1049226595376947200	2882938615	Mon Oct 08 02:14:48 PDT 2018	<a href="http://twitter.com/#!/download/ipad" rel="nofollow">Twitter for iPad</a>